feature_1,feature_2,corr,abs_corr
accommodates,beds,0.8753545801298991,0.8753545801298991
accommodates,bedrooms,0.7969437174246216,0.7969437174246216
bedrooms,beds,0.7708019743764,0.7708019743764
